patente,modelo,marca,color,precio
AUTO, ZAE321, 2020, Chevrolet, AZUL, 6600000.000000001
AUTO, ABC123, 2020, Toyota, ROJO, 5500000.0
AUTO, DEF456, 2019, Ford, AZUL, 4950000.0
AUTO, GHI789, 2021, Fiat, VERDE, 4180000.0000000005
MOTO, RTE123, 2021, Honda, VERDE, 1980000.0000000002
